rating_numerator,timestamp
13,2017-08-01 16:23:56
13,2017-08-01 00:17:27
12,2017-07-31 00:18:03
13,2017-07-30 15:58:51
12,2017-07-29 16:00:24
13,2017-07-29 00:08:17
13,2017-07-28 16:27:12
13,2017-07-28 00:22:40
13,2017-07-27 16:25:51
14,2017-07-26 15:59:51
13,2017-07-26 00:31:25
13,2017-07-25 16:11:53
13,2017-07-25 01:55:32
12,2017-07-25 00:10:02
13,2017-07-24 17:02:04
13,2017-07-24 00:19:32
12,2017-07-23 00:22:39
13,2017-07-22 16:56:37
13,2017-07-22 00:23:06
12,2017-07-20 16:49:33
13,2017-07-19 16:06:48
14,2017-07-19 03:39:09
13,2017-07-19 00:47:34
13,2017-07-18 16:08:03
12,2017-07-18 00:07:08
13,2017-07-17 16:17:36
13,2017-07-16 23:58:41
13,2017-07-16 20:14:00
12,2017-07-15 23:25:31
13,2017-07-15 16:17:19
12,2017-07-14 22:10:11
13,2017-07-13 15:58:47
13,2017-07-12 16:03:00
12,2017-07-12 00:01:00
13,2017-07-11 20:47:12
13,2017-07-11 00:00:02
14,2017-07-10 15:58:53
12,2017-07-09 21:29:42
12,2017-07-09 00:00:04
5,2017-07-08 00:28:19
13,2017-07-07 16:22:55
13,2017-07-07 00:17:54
13,2017-07-06 15:58:11
12,2017-07-06 00:46:41
13,2017-07-05 15:48:34
13,2017-07-04 16:01:23
13,2017-07-04 01:18:17
12,2017-07-03 16:04:48
13,2017-07-03 00:11:11
14,2017-07-02 15:32:16
12,2017-07-01 21:49:04
13,2017-06-30 23:47:07
12,2017-06-30 19:35:32
12,2017-06-29 16:39:47
12,2017-06-29 00:27:25
11,2017-06-28 16:09:20
13,2017-06-28 00:42:13
12,2017-06-27 00:10:17
13,2017-06-26 19:07:24
12,2017-06-26 16:31:08
11,2017-06-25 18:56:45
13,2017-06-25 16:07:47
13,2017-06-25 00:45:22
13,2017-06-23 16:00:04
14,2017-06-23 01:10:23
13,2017-06-22 03:54:17
12,2017-06-21 15:58:08
13,2017-06-21 00:06:44
12,2017-06-20 16:29:50
12,2017-06-19 16:24:33
13,2017-06-18 16:57:37
13,2017-06-17 16:52:05
13,2017-06-16 16:11:53
13,2017-06-15 00:13:52
12,2017-06-14 16:04:48
12,2017-06-13 17:29:20
13,2017-06-12 16:06:11
12,2017-06-12 00:15:36
13,2017-06-11 21:18:31
13,2017-06-10 16:39:04
12,2017-06-09 16:22:42
12,2017-06-09 00:02:31
13,2017-06-08 14:20:41
13,2017-06-08 01:06:27
12,2017-06-07 16:14:40
13,2017-06-07 01:19:32
12,2017-06-06 16:07:15
13,2017-06-06 00:01:46
12,2017-06-05 16:15:56
12,2017-06-04 23:56:03
13,2017-06-03 15:55:36
11,2017-06-03 00:48:22
13,2017-06-02 15:00:16
13,2017-06-01 20:18:38
13,2017-06-01 16:00:09
14,2017-05-31 23:43:25
13,2017-05-31 04:27:59
13,2017-05-30 23:51:58
12,2017-05-30 16:49:31
13,2017-05-29 16:24:37
14,2017-05-28 17:23:24
13,2017-05-28 00:18:35
12,2017-05-27 19:39:34
12,2017-05-26 00:29:37
13,2017-05-25 16:10:44
12,2017-05-24 16:44:18
13,2017-05-23 16:16:06
12,2017-05-22 16:06:55
13,2017-05-22 00:28:40
12,2017-05-21 16:48:45
13,2017-05-19 23:57:46
13,2017-05-19 00:12:11
13,2017-05-18 00:50:50
14,2017-05-17 16:00:15
12,2017-05-16 00:41:21
13,2017-05-15 19:14:50
13,2017-05-15 00:02:33
13,2017-05-14 00:34:33
12,2017-05-13 16:33:49
14,2017-05-12 17:12:53
13,2017-05-12 16:05:02
13,2017-05-12 00:46:44
11,2017-05-11 17:34:13
13,2017-05-11 00:01:27
13,2017-05-10 00:08:34
13,2017-05-08 00:54:59
13,2017-05-07 18:36:02
12,2017-05-06 23:49:50
13,2017-05-05 18:36:06
13,2017-05-05 16:00:04
12,2017-05-04 23:34:55
14,2017-05-04 17:30:24
12,2017-05-04 00:15:58
13,2017-05-03 19:26:06
13,2017-05-03 03:17:27
12,2017-05-02 00:04:57
13,2017-05-01 15:58:40
13,2017-05-01 00:40:27
13,2017-04-30 00:02:42
12,2017-04-28 23:57:28
12,2017-04-28 16:08:49
13,2017-04-28 00:00:54
13,2017-04-27 00:38:11
13,2017-04-26 16:00:39
12,2017-04-26 00:33:27
12,2017-04-24 16:22:16
14,2017-04-24 15:13:52
14,2017-04-23 23:01:59
13,2017-04-22 18:31:02
12,2017-04-21 16:33:22
12,2017-04-19 16:25:34
13,2017-04-18 23:50:52
13,2017-04-18 16:05:17
14,2017-04-17 23:52:16
11,2017-04-17 16:34:26
12,2017-04-17 00:03:50
13,2017-04-16 16:00:07
13,2017-04-15 17:32:18
12,2017-04-14 15:51:39
12,2017-04-13 23:59:28
13,2017-04-13 16:05:56
13,2017-04-13 00:03:59
14,2017-04-12 18:25:07
12,2017-04-12 16:00:27
11,2017-04-11 00:24:08
14,2017-04-10 16:00:07
13,2017-04-10 00:06:42
11,2017-04-08 16:54:09
13,2017-04-07 16:10:12
11,2017-04-07 00:38:06
12,2017-04-06 16:18:05
12,2017-04-06 00:13:11
12,2017-04-05 00:04:08
11,2017-04-04 19:03:06
13,2017-04-04 00:12:06
12,2017-04-03 00:16:10
12,2017-04-02 00:03:26
6,2017-04-01 16:35:01
10,2017-04-01 00:04:17
12,2017-03-31 16:07:33
12,2017-03-31 00:27:14
12,2017-03-30 00:56:03
11,2017-03-29 18:43:12
11,2017-03-29 16:00:12
13,2017-03-29 00:01:05
13,2017-03-28 00:07:32
13,2017-03-27 00:15:53
12,2017-03-26 16:55:29
13,2017-03-26 01:38:00
12,2017-03-25 16:45:08
13,2017-03-24 22:08:59
12,2017-03-24 16:10:40
13,2017-03-23 18:29:57
12,2017-03-23 18:07:10
13,2017-03-23 00:18:10
11,2017-03-22 16:04:20
12,2017-03-21 16:26:50
12,2017-03-20 16:08:44
11,2017-03-19 23:25:35
13,2017-03-18 22:59:54
13,2017-03-17 21:13:10
12,2017-03-17 15:51:22
13,2017-03-17 00:38:32
12,2017-03-16 00:00:07
12,2017-03-15 20:48:07
12,2017-03-14 16:01:03
14,2017-03-14 00:04:30
13,2017-03-13 15:47:01
12,2017-03-13 00:02:39
10,2017-03-11 22:51:24
12,2017-03-11 18:35:42
13,2017-03-11 01:15:58
12,2017-03-10 18:27:58
13,2017-03-10 00:04:21
12,2017-03-08 18:52:12
13,2017-03-07 22:22:32
13,2017-03-07 01:17:48
13,2017-03-06 01:26:54
13,2017-03-05 19:48:43
13,2017-03-04 17:49:08
12,2017-03-04 00:21:08
13,2017-03-03 01:58:22
12,2017-03-03 01:14:41
13,2017-03-02 18:17:34
13,2017-03-02 01:20:01
12,2017-03-01 17:22:13
12,2017-03-01 01:42:39
11,2017-02-28 20:41:37
12,2017-02-28 01:00:19
13,2017-02-27 17:01:56
13,2017-02-26 23:52:43
11,2017-02-25 19:37:50
12,2017-02-25 01:18:40
12,2017-02-24 23:04:14
12,2017-02-24 17:01:22
0,2017-02-24 15:40:31
12,2017-02-24 01:03:08
13,2017-02-23 15:25:23
13,2017-02-23 01:22:14
12,2017-02-22 17:41:18
12,2017-02-22 01:14:30
11,2017-02-21 22:26:07
12,2017-02-21 17:04:24
12,2017-02-21 02:17:06
13,2017-02-20 23:50:09
13,2017-02-20 17:00:04
13,2017-02-20 00:53:27
12,2017-02-19 01:23:00
13,2017-02-18 17:00:10
13,2017-02-18 01:03:09
12,2017-02-17 17:01:29
12,2017-02-17 01:13:34
11,2017-02-16 23:23:38
14,2017-02-16 17:00:25
12,2017-02-16 01:04:13
12,2017-02-15 18:54:34
14,2017-02-15 17:02:36
13,2017-02-15 01:04:21
13,2017-02-14 23:43:18
13,2017-02-14 17:17:22
12,2017-02-14 02:02:51
13,2017-02-14 01:35:49
12,2017-02-14 01:09:44
12,2017-02-13 22:03:49
12,2017-02-13 01:46:03
13,2017-02-12 01:04:29
13,2017-02-10 16:53:37
12,2017-02-10 01:15:49
12,2017-02-09 01:27:41
11,2017-02-08 22:00:52
13,2017-02-08 17:00:26
12,2017-02-08 01:35:19
13,2017-02-07 17:00:28
13,2017-02-07 01:00:22
10,2017-02-06 20:55:28
14,2017-02-06 17:02:17
12,2017-02-06 01:07:28
12,2017-02-06 01:03:14
14,2017-02-05 23:15:47
13,2017-02-05 22:55:23
12,2017-02-05 22:40:03
13,2017-02-05 01:04:17
11,2017-02-04 22:45:42
12,2017-02-04 17:34:40
12,2017-02-03 23:04:02
13,2017-02-03 19:31:54
12,2017-02-03 01:16:53
13,2017-02-02 17:00:17
12,2017-02-02 01:01:21
13,2017-02-01 17:44:55
13,2017-02-01 01:09:42
12,2017-01-31 17:06:32
11,2017-01-31 01:27:39
13,2017-01-30 23:05:46
13,2017-01-30 17:10:04
11,2017-01-30 01:21:19
12,2017-01-29 22:15:05
14,2017-01-29 02:44:34
13,2017-01-28 01:04:51
12,2017-01-27 17:04:02
12,2017-01-27 00:24:48
13,2017-01-26 17:02:56
13,2017-01-25 18:38:36
11,2017-01-25 16:45:05
12,2017-01-24 17:04:50
12,2017-01-24 01:08:40
11,2017-01-23 17:20:14
11,2017-01-23 00:13:17
12,2017-01-22 01:12:59
13,2017-01-21 18:26:02
12,2017-01-21 17:31:20
12,2017-01-21 01:02:48
13,2017-01-20 17:00:46
14,2017-01-20 15:17:01
11,2017-01-20 00:50:15
13,2017-01-19 01:04:45
13,2017-01-18 17:07:18
13,2017-01-18 01:01:34
14,2017-01-17 17:21:47
12,2017-01-17 00:18:04
11,2017-01-16 21:32:06
12,2017-01-16 17:20:45
13,2017-01-15 21:49:15
84,2017-01-15 17:52:40
14,2017-01-14 17:00:24
12,2017-01-14 01:22:35
13,2017-01-13 17:00:21
11,2017-01-13 15:08:56
11,2017-01-13 01:03:12
13,2017-01-12 16:54:26
12,2017-01-12 00:55:47
12,2017-01-11 17:01:16
14,2017-01-11 02:21:57
14,2017-01-11 02:15:36
13,2017-01-10 01:15:10
12,2017-01-10 00:24:38
11,2017-01-09 19:14:36
12,2017-01-09 00:53:55
11,2017-01-08 17:20:31
13,2017-01-07 20:18:46
13,2017-01-07 16:59:28
12,2017-01-07 01:00:41
13,2017-01-06 17:33:29
11,2017-01-06 17:00:38
13,2017-01-06 00:49:53
13,2017-01-05 21:29:55
11,2017-01-05 17:13:55
12,2017-01-05 01:20:46
12,2017-01-04 17:27:59
13,2017-01-04 01:05:59
11,2017-01-03 17:33:39
12,2017-01-03 01:20:49
11,2017-01-02 18:38:42
13,2017-01-02 17:00:46
11,2017-01-02 01:48:06
12,2017-01-01 19:22:38
13,2017-01-01 02:53:20
11,2016-12-31 00:08:17
12,2016-12-30 01:05:33
12,2016-12-29 17:54:58
12,2016-12-28 16:56:16
11,2016-12-28 00:52:25
14,2016-12-27 18:24:12
12,2016-12-27 17:36:16
13,2016-12-26 03:00:30
11,2016-12-26 02:00:11
13,2016-12-26 01:00:05
12,2016-12-26 00:00:03
12,2016-12-25 23:00:08
13,2016-12-25 22:00:04
11,2016-12-25 21:00:18
12,2016-12-25 20:00:07
11,2016-12-25 19:00:02
11,2016-12-25 18:00:17
12,2016-12-25 17:00:08
13,2016-12-25 16:00:16
10,2016-12-24 22:04:54
12,2016-12-24 17:18:34
13,2016-12-24 03:40:19
12,2016-12-24 01:16:12
13,2016-12-23 19:00:19
11,2016-12-22 17:23:53
13,2016-12-22 01:24:33
10,2016-12-21 17:39:46
11,2016-12-21 01:44:13
24,2016-12-19 23:06:23
11,2016-12-19 17:14:23
11,2016-12-19 01:26:42
13,2016-12-18 00:43:57
12,2016-12-17 22:43:27
10,2016-12-17 00:38:52
12,2016-12-15 17:23:04
12,2016-12-15 02:14:29
11,2016-12-14 17:16:53
13,2016-12-14 00:57:20
12,2016-12-13 18:01:07
12,2016-12-13 02:39:32
12,2016-12-12 00:29:28
12,2016-12-11 17:31:39
14,2016-12-10 16:22:02
13,2016-12-09 06:17:20
12,2016-12-08 23:53:08
13,2016-12-07 22:38:52
11,2016-12-07 16:53:43
11,2016-12-06 19:29:28
12,2016-12-06 00:32:26
12,2016-12-05 17:31:15
13,2016-12-04 21:14:20
12,2016-12-04 19:02:24
12,2016-12-04 00:30:29
12,2016-12-02 17:27:25
13,2016-11-30 18:16:08
12,2016-11-30 01:31:12
13,2016-11-29 16:33:36
12,2016-11-28 23:30:47
11,2016-11-28 16:37:19
12,2016-11-27 19:09:28
12,2016-11-26 18:00:13
13,2016-11-26 01:31:31
11,2016-11-25 21:37:47
12,2016-11-25 19:55:35
12,2016-11-25 01:18:59
12,2016-11-23 21:29:33
10,2016-11-23 04:45:12
13,2016-11-22 20:58:07
12,2016-11-22 17:28:25
12,2016-11-21 17:23:47
11,2016-11-21 01:37:04
12,2016-11-20 22:02:27
12,2016-11-20 17:20:08
13,2016-11-20 00:59:15
11,2016-11-19 16:49:49
13,2016-11-18 23:35:32
12,2016-11-18 01:24:14
11,2016-11-17 17:04:16
11,2016-11-17 01:35:54
12,2016-11-16 17:01:16
11,2016-11-16 16:28:21
13,2016-11-14 17:03:50
12,2016-11-14 01:18:12
12,2016-11-12 21:02:38
12,2016-11-12 00:36:46
12,2016-11-11 00:03:42
11,2016-11-10 17:02:03
12,2016-11-09 22:49:15
12,2016-11-09 16:22:22
11,2016-11-09 00:37:46
11,2016-11-08 22:25:27
12,2016-11-08 20:00:55
13,2016-11-08 16:47:50
13,2016-11-07 03:14:10
12,2016-11-06 22:59:35
11,2016-11-06 01:33:58
12,2016-11-05 15:37:24
12,2016-11-04 00:15:59
14,2016-11-03 15:51:10
12,2016-11-02 23:45:19
13,2016-11-02 16:00:06
12,2016-11-01 23:53:02
12,2016-11-01 17:12:16
13,2016-11-01 03:00:09
12,2016-11-01 02:00:14
12,2016-11-01 01:00:05
13,2016-11-01 00:00:38
11,2016-10-31 23:00:11
10,2016-10-31 22:00:04
12,2016-10-31 21:00:23
11,2016-10-31 20:00:05
12,2016-10-31 19:00:10
11,2016-10-31 18:00:14
13,2016-10-31 17:00:11
11,2016-10-31 16:00:13
13,2016-10-31 02:17:31
12,2016-10-31 00:20:11
12,2016-10-30 17:02:53
12,2016-10-29 15:55:58
11,2016-10-28 17:07:05
13,2016-10-27 16:06:04
12,2016-10-26 22:31:36
12,2016-10-26 16:14:55
12,2016-10-25 18:44:32
12,2016-10-25 16:00:09
12,2016-10-24 23:37:28
11,2016-10-24 15:53:19
12,2016-10-23 23:42:19
11,2016-10-23 19:42:02
12,2016-10-23 00:27:05
13,2016-10-22 00:45:17
12,2016-10-21 22:48:24
12,2016-10-21 18:16:44
10,2016-10-21 00:53:56
12,2016-10-20 16:15:26
11,2016-10-20 01:03:11
12,2016-10-19 15:37:03
11,2016-10-18 16:11:17
13,2016-10-18 00:41:57
13,2016-10-17 22:51:57
12,2016-10-17 15:31:05
11,2016-10-17 00:20:47
13,2016-10-16 18:11:26
11,2016-10-15 21:01:17
10,2016-10-15 16:01:13
12,2016-10-14 16:13:10
75,2016-10-13 23:23:56
12,2016-10-13 20:28:35
11,2016-10-13 15:54:28
13,2016-10-13 00:29:39
11,2016-10-12 15:55:59
12,2016-10-11 19:39:28
12,2016-10-11 16:00:24
10,2016-10-11 00:34:48
11,2016-10-10 17:32:08
12,2016-10-09 23:44:41
11,2016-10-09 17:31:53
13,2016-10-08 18:41:19
11,2016-10-07 22:15:26
12,2016-10-07 16:33:21
13,2016-10-06 01:23:05
12,2016-10-06 00:08:09
12,2016-10-05 15:47:27
11,2016-10-05 00:40:09
13,2016-10-04 19:42:03
12,2016-10-04 15:55:06
11,2016-10-03 23:25:55
12,2016-10-03 15:42:44
11,2016-10-03 01:00:34
10,2016-10-02 23:23:04
11,2016-10-02 15:10:30
12,2016-10-01 19:47:08
11,2016-09-30 20:33:43
5,2016-09-30 01:08:10
12,2016-09-29 16:03:01
11,2016-09-28 21:56:36
10,2016-09-28 16:07:23
13,2016-09-28 00:46:20
10,2016-09-27 19:54:58
11,2016-09-27 16:06:28
12,2016-09-27 02:53:48
12,2016-09-26 23:04:13
11,2016-09-26 17:29:48
11,2016-09-25 23:47:39
11,2016-09-25 00:06:08
12,2016-09-23 17:50:56
12,2016-09-23 01:00:13
13,2016-09-22 20:33:42
11,2016-09-22 16:13:51
11,2016-09-22 00:13:04
10,2016-09-21 17:42:10
11,2016-09-21 16:00:17
14,2016-09-21 01:39:11
13,2016-09-21 00:00:35
11,2016-09-20 17:36:50
12,2016-09-20 01:12:28
27,2016-09-20 00:24:34
3,2016-09-19 15:00:20
12,2016-09-19 01:42:24
12,2016-09-18 21:33:11
12,2016-09-17 16:57:35
12,2016-09-16 16:00:31
11,2016-09-15 17:48:25
13,2016-09-15 00:36:55
10,2016-09-14 23:30:38
11,2016-09-14 17:40:06
10,2016-09-14 16:00:49
12,2016-09-13 23:44:54
11,2016-09-13 16:30:07
13,2016-09-13 16:13:44
11,2016-09-12 16:05:54
13,2016-09-11 21:34:30
12,2016-09-10 23:54:11
10,2016-09-10 16:03:16
14,2016-09-09 18:31:54
11,2016-09-08 20:45:53
12,2016-09-08 16:33:46
12,2016-09-08 02:09:06
10,2016-09-07 23:52:41
11,2016-09-07 15:44:53
12,2016-09-06 23:56:05
10,2016-09-06 19:52:39
12,2016-09-06 16:10:20
11,2016-09-05 19:22:09
11,2016-09-05 15:58:34
10,2016-09-04 23:46:12
12,2016-09-03 22:02:38
10,2016-09-03 19:23:13
12,2016-09-03 17:02:54
10,2016-09-03 16:52:02
11,2016-09-03 16:04:27
11,2016-09-02 18:03:10
12,2016-09-02 00:12:18
11,2016-09-01 16:14:48
11,2016-09-01 00:04:38
12,2016-08-31 21:47:27
7,2016-08-31 15:58:28
10,2016-08-31 00:58:39
11,2016-08-30 23:58:40
11,2016-08-30 16:11:18
11,2016-08-30 00:14:12
10,2016-08-29 16:14:30
10,2016-08-29 01:22:47
12,2016-08-28 16:51:16
13,2016-08-28 00:37:54
12,2016-08-26 16:37:54
12,2016-08-26 00:38:52
11,2016-08-25 16:58:45
10,2016-08-25 00:43:02
12,2016-08-24 23:50:10
11,2016-08-24 15:43:39
8,2016-08-23 21:09:14
10,2016-08-23 00:40:31
11,2016-08-22 16:06:54
12,2016-08-21 23:15:55
13,2016-08-21 02:47:37
13,2016-08-20 22:12:29
10,2016-08-20 00:26:19
11,2016-08-19 17:47:52
9,2016-08-18 23:55:18
12,2016-08-18 16:38:26
12,2016-08-18 00:28:24
11,2016-08-17 20:27:34
12,2016-08-17 01:20:27
12,2016-08-16 22:00:23
13,2016-08-16 03:52:26
11,2016-08-16 02:14:15
10,2016-08-15 16:22:20
12,2016-08-14 16:13:27
10,2016-08-13 00:38:30
11,2016-08-11 20:40:41
8,2016-08-10 01:23:03
10,2016-08-09 20:03:43
11,2016-08-08 17:19:51
12,2016-08-08 02:13:34
12,2016-08-08 01:44:46
11,2016-08-07 15:56:28
14,2016-08-06 21:20:40
12,2016-08-06 17:26:19
11,2016-08-06 02:06:59
10,2016-08-05 21:19:27
11,2016-08-05 16:28:54
10,2016-08-04 22:52:29
11,2016-08-04 20:09:17
10,2016-08-04 15:48:47
11,2016-08-04 01:03:17
11,2016-08-03 17:43:45
11,2016-08-03 02:02:14
12,2016-08-03 00:59:13
12,2016-08-02 18:14:06
13,2016-08-02 01:44:48
4,2016-08-01 23:15:56
10,2016-08-01 19:07:17
10,2016-08-01 01:28:46
11,2016-07-31 20:21:02
12,2016-07-31 16:50:42
10,2016-07-31 01:12:26
11,2016-07-30 17:56:51
12,2016-07-30 01:22:17
7,2016-07-29 18:53:24
11,2016-07-29 15:27:55
11,2016-07-29 02:40:28
13,2016-07-29 00:57:05
12,2016-07-28 19:06:01
11,2016-07-28 01:31:38
165,2016-07-28 01:00:57
10,2016-07-27 20:56:24
11,2016-07-27 17:35:10
9,2016-07-26 20:47:17
10,2016-07-26 00:58:34
11,2016-07-25 23:54:05
12,2016-07-25 16:21:11
4,2016-07-25 15:19:12
13,2016-07-25 02:20:45
10,2016-07-25 01:52:43
8,2016-07-24 23:20:20
11,2016-07-23 23:42:53
12,2016-07-23 19:49:07
11,2016-07-23 00:46:50
13,2016-07-22 16:28:07
11,2016-07-22 01:42:09
12,2016-07-22 00:43:32
10,2016-07-21 23:53:04
12,2016-07-21 02:41:54
14,2016-07-19 01:04:16
13,2016-07-18 18:43:07
11,2016-07-18 01:53:28
12,2016-07-17 18:38:22
10,2016-07-17 01:05:25
11,2016-07-16 22:55:55
10,2016-07-16 01:08:03
10,2016-07-14 18:22:23
11,2016-07-14 02:47:04
12,2016-07-14 01:19:12
8,2016-07-13 23:48:51
11,2016-07-13 18:26:16
10,2016-07-13 00:43:15
11,2016-07-12 17:27:23
10,2016-07-12 01:52:49
10,2016-07-12 00:27:52
11,2016-07-11 15:07:30
8,2016-07-11 02:51:40
12,2016-07-10 16:10:29
11,2016-07-10 00:32:46
12,2016-07-09 17:28:29
13,2016-07-09 02:06:27
5,2016-07-09 01:08:47
10,2016-07-08 22:09:27
12,2016-07-08 16:44:23
10,2016-07-08 03:07:09
12,2016-07-08 00:04:50
10,2016-07-07 19:16:47
11,2016-07-07 01:47:22
12,2016-07-06 15:54:42
8,2016-07-06 01:46:38
12,2016-07-05 20:41:01
9,2016-07-05 17:38:41
13,2016-07-05 02:00:06
11,2016-07-05 01:00:05
10,2016-07-05 00:00:18
11,2016-07-04 23:00:03
12,2016-07-04 22:00:12
10,2016-07-04 21:00:04
11,2016-07-04 20:00:23
13,2016-07-04 19:00:33
10,2016-07-04 18:00:41
11,2016-07-04 17:00:26
12,2016-07-04 16:00:22
12,2016-07-04 01:17:51
11,2016-07-03 01:41:06
10,2016-07-03 00:43:15
10,2016-07-03 00:14:27
12,2016-07-02 19:01:20
11,2016-07-02 02:17:13
8,2016-07-02 00:27:45
10,2016-07-01 20:31:43
13,2016-07-01 17:33:49
13,2016-07-01 02:31:39
11,2016-07-01 02:06:06
10,2016-07-01 01:40:41
6,2016-06-30 17:54:50
12,2016-06-30 17:28:39
10,2016-06-30 02:45:28
11,2016-06-30 01:15:31
7,2016-06-30 00:09:04
10,2016-06-29 01:23:16
11,2016-06-28 23:23:19
8,2016-06-28 20:14:22
11,2016-06-28 17:28:22
4,2016-06-28 15:40:07
10,2016-06-28 01:21:27
11,2016-06-28 00:54:46
10,2016-06-27 19:31:23
10,2016-06-27 16:08:30
11,2016-06-27 00:07:44
10,2016-06-26 23:05:29
11,2016-06-26 16:25:26
0,2016-06-26 03:22:31
11,2016-06-26 01:08:52
13,2016-06-25 21:34:37
10,2016-06-25 19:42:08
12,2016-06-25 15:29:00
10,2016-06-25 00:56:43
9,2016-06-24 15:48:42
10,2016-06-24 00:04:36
11,2016-06-23 19:05:49
10,2016-06-23 01:25:06
7,2016-06-22 20:18:30
10,2016-06-22 01:50:58
9,2016-06-22 01:06:43
12,2016-06-21 17:58:09
12,2016-06-21 00:54:33
9,2016-06-20 20:49:19
12,2016-06-20 19:11:53
10,2016-06-20 01:54:27
11,2016-06-19 01:02:50
13,2016-06-18 18:26:18
11,2016-06-18 01:33:55
10,2016-06-17 19:59:26
10,2016-06-17 01:00:24
7,2016-06-17 00:05:25
11,2016-06-16 20:47:36
13,2016-06-16 18:26:48
10,2016-06-16 01:25:36
12,2016-06-15 23:24:09
10,2016-06-15 22:36:19
10,2016-06-14 01:24:27
14,2016-06-13 21:16:49
12,2016-06-13 18:27:32
11,2016-06-13 15:59:24
12,2016-06-13 01:06:33
8,2016-06-13 00:22:53
10,2016-06-12 00:44:30
11,2016-06-11 21:27:17
9,2016-06-11 01:13:51
12,2016-06-10 16:19:48
12,2016-06-10 00:39:48
10,2016-06-09 19:52:53
9,2016-06-09 01:07:06
8,2016-06-09 00:19:04
11,2016-06-08 22:48:46
9,2016-06-08 02:41:38
10,2016-06-08 02:09:24
9,2016-06-08 01:45:19
10,2016-06-07 16:09:13
12,2016-06-07 00:36:02
10,2016-06-06 21:32:13
12,2016-06-06 15:40:26
9,2016-06-05 23:53:41
10,2016-06-05 19:47:03
6,2016-06-05 15:54:48
13,2016-06-04 23:31:25
11,2016-06-04 00:08:17
10,2016-06-04 00:01:35
11,2016-06-03 01:07:16
10,2016-06-02 16:10:29
9,2016-06-02 01:44:22
12,2016-06-02 00:32:39
10,2016-06-01 23:52:28
10,2016-06-01 02:00:04
10,2016-06-01 00:17:54
11,2016-05-31 16:14:39
13,2016-05-31 00:49:32
9,2016-05-30 16:40:14
13,2016-05-30 15:52:33
13,2016-05-29 01:49:16
11,2016-05-28 01:18:00
10,2016-05-27 15:58:54
10,2016-05-27 01:47:23
11,2016-05-27 00:32:10
12,2016-05-26 01:47:51
11,2016-05-26 00:54:06
11,2016-05-25 01:03:06
8,2016-05-24 23:47:49
9,2016-05-24 15:55:00
10,2016-05-24 01:02:00
13,2016-05-23 16:46:51
11,2016-05-23 16:01:50
10,2016-05-21 01:13:53
10,2016-05-21 00:50:46
10,2016-05-20 02:18:32
11,2016-05-20 00:51:30
12,2016-05-19 01:38:16
12,2016-05-18 00:39:02
11,2016-05-18 00:14:46
10,2016-05-17 14:57:41
11,2016-05-17 01:00:32
11,2016-05-16 00:31:53
12,2016-05-14 00:49:30
204,2016-05-13 16:15:54
9,2016-05-13 00:56:32
10,2016-05-12 01:40:42
11,2016-05-11 15:59:50
11,2016-05-11 01:44:07
6,2016-05-11 00:43:55
11,2016-05-10 02:05:03
12,2016-05-10 01:00:58
13,2016-05-10 00:01:12
13,2016-05-09 00:11:16
10,2016-05-08 00:59:46
11,2016-05-07 16:34:32
13,2016-05-07 01:37:30
10,2016-05-07 00:59:55
8,2016-05-06 18:33:34
10,2016-05-06 02:24:02
12,2016-05-06 00:53:27
11,2016-05-05 02:21:37
12,2016-05-05 01:35:26
11,2016-05-05 00:16:48
12,2016-05-04 02:26:00
13,2016-05-03 23:42:26
10,2016-05-03 15:46:33
11,2016-05-03 01:50:44
9,2016-05-02 23:59:09
10,2016-05-02 16:38:15
12,2016-05-02 00:43:25
10,2016-05-01 21:32:40
12,2016-05-01 17:38:46
9,2016-04-30 01:41:23
12,2016-04-29 00:21:01
11,2016-04-28 20:40:11
12,2016-04-28 16:52:08
12,2016-04-26 15:29:30
11,2016-04-26 01:26:53
10,2016-04-25 01:12:38
10,2016-04-24 01:38:33
10,2016-04-24 01:24:35
11,2016-04-23 22:38:43
12,2016-04-23 16:34:28
12,2016-04-23 01:41:59
10,2016-04-23 00:41:42
8,2016-04-21 16:00:57
4,2016-04-21 02:25:47
12,2016-04-20 02:30:23
11,2016-04-17 00:58:53
11,2016-04-15 15:44:11
12,2016-04-15 01:26:47
10,2016-04-15 00:46:48
10,2016-04-14 00:55:25
11,2016-04-13 23:15:21
10,2016-04-13 19:59:42
9,2016-04-13 01:22:10
11,2016-04-13 00:17:25
10,2016-04-12 20:50:42
12,2016-04-12 01:51:36
10,2016-04-11 15:43:12
11,2016-04-11 03:33:34
10,2016-04-11 01:41:07
11,2016-04-11 01:13:34
10,2016-04-10 01:20:33
12,2016-04-09 23:10:47
10,2016-04-09 02:47:55
11,2016-04-09 01:35:37
10,2016-04-08 20:46:50
9,2016-04-08 15:26:28
13,2016-04-08 15:05:29
3,2016-04-08 01:19:36
11,2016-04-08 00:30:51
11,2016-04-06 22:29:56
10,2016-04-06 19:04:14
11,2016-04-06 02:21:30
9,2016-04-05 18:41:02
12,2016-04-04 17:53:31
10,2016-04-04 15:22:08
10,2016-04-04 01:41:58
11,2016-04-04 00:55:01
50,2016-04-03 01:36:11
12,2016-04-02 15:25:47
11,2016-04-02 01:52:38
11,2016-04-01 15:46:52
10,2016-04-01 02:51:22
10,2016-04-01 00:26:15
12,2016-03-31 23:22:53
11,2016-03-31 02:09:32
10,2016-03-31 00:58:29
10,2016-03-30 16:52:36
12,2016-03-30 15:34:51
12,2016-03-30 02:56:24
9,2016-03-30 01:07:18
10,2016-03-29 23:29:14
4,2016-03-29 01:53:39
12,2016-03-29 00:12:05
10,2016-03-28 01:10:13
8,2016-03-28 00:43:43
13,2016-03-27 22:14:49
10,2016-03-27 17:25:54
12,2016-03-27 02:43:58
99,2016-03-27 01:29:02
12,2016-03-26 16:15:05
11,2016-03-25 17:03:49
10,2016-03-25 01:35:51
10,2016-03-25 01:29:21
10,2016-03-24 01:11:29
10,2016-03-23 19:09:09
10,2016-03-23 15:53:42
11,2016-03-23 00:37:48
10,2016-03-22 02:03:52
7,2016-03-22 01:45:15
11,2016-03-22 01:16:55
6,2016-03-21 23:55:01
10,2016-03-21 17:30:03
11,2016-03-21 02:38:34
10,2016-03-21 01:54:29
13,2016-03-20 23:23:54
9,2016-03-20 20:36:28
11,2016-03-20 01:28:47
3,2016-03-19 21:41:44
11,2016-03-19 01:54:56
12,2016-03-19 01:11:29
10,2016-03-18 15:05:29
12,2016-03-18 14:19:56
80,2016-03-18 02:46:49
12,2016-03-17 22:09:38
11,2016-03-17 01:55:02
11,2016-03-17 01:11:26
13,2016-03-17 00:58:46
11,2016-03-16 17:18:07
8,2016-03-16 16:29:35
11,2016-03-16 14:54:24
12,2016-03-16 01:46:45
12,2016-03-16 00:37:03
12,2016-03-15 21:24:41
12,2016-03-15 02:25:31
12,2016-03-15 01:48:55
9,2016-03-14 23:19:03
10,2016-03-14 18:42:20
8,2016-03-14 16:02:49
11,2016-03-14 03:50:21
11,2016-03-14 02:39:42
45,2016-03-14 02:04:08
10,2016-03-13 23:24:56
9,2016-03-13 15:43:18
9,2016-03-13 02:43:08
10,2016-03-13 01:57:25
10,2016-03-13 00:24:26
11,2016-03-12 19:35:15
11,2016-03-12 17:47:45
13,2016-03-12 02:28:06
11,2016-03-12 01:49:25
10,2016-03-11 18:18:36
11,2016-03-11 17:50:48
10,2016-03-11 04:35:39
11,2016-03-11 03:22:23
9,2016-03-11 02:36:57
10,2016-03-11 01:56:49
13,2016-03-10 20:26:26
12,2016-03-10 18:25:30
11,2016-03-10 16:42:10
11,2016-03-10 03:55:45
10,2016-03-10 01:35:01
7,2016-03-09 22:24:31
12,2016-03-09 16:56:11
4,2016-03-09 04:19:44
11,2016-03-09 03:45:22
10,2016-03-09 02:08:59
9,2016-03-09 01:26:57
10,2016-03-08 21:23:50
10,2016-03-08 20:09:54
11,2016-03-08 04:25:07
10,2016-03-08 03:00:15
12,2016-03-08 01:52:18
11,2016-03-08 01:25:10
3,2016-03-07 17:58:08
12,2016-03-07 03:24:33
9,2016-03-07 00:57:27
10,2016-03-06 21:31:22
11,2016-03-06 17:52:42
12,2016-03-06 16:27:23
12,2016-03-06 05:11:12
12,2016-03-06 02:46:44
11,2016-03-06 01:31:11
11,2016-03-05 23:51:49
7,2016-03-05 17:16:20
10,2016-03-05 04:36:02
12,2016-03-05 04:17:02
10,2016-03-04 23:32:15
11,2016-03-04 16:06:36
11,2016-03-04 03:13:11
12,2016-03-03 19:32:29
12,2016-03-03 17:19:38
11,2016-03-03 16:23:38
11,2016-03-03 03:51:44
9,2016-03-03 02:49:06
10,2016-03-02 18:48:16
12,2016-03-02 16:23:36
12,2016-03-02 03:30:25
10,2016-03-02 02:43:09
12,2016-03-02 01:56:53
7,2016-03-02 00:05:17
13,2016-03-01 20:11:59
12,2016-03-01 02:53:32
11,2016-03-01 01:36:14
12,2016-02-29 17:56:32
10,2016-02-29 16:47:42
8,2016-02-29 01:17:46
60,2016-02-28 21:25:30
10,2016-02-28 02:50:28
10,2016-02-28 02:29:55
11,2016-02-27 17:24:05
10,2016-02-27 16:03:45
9,2016-02-27 03:42:44
10,2016-02-27 02:32:12
12,2016-02-27 00:55:11
9,2016-02-26 23:10:06
12,2016-02-26 17:20:56
11,2016-02-26 04:48:02
10,2016-02-26 02:20:37
6,2016-02-25 19:04:13
11,2016-02-25 02:42:00
10,2016-02-25 01:47:04
11,2016-02-24 20:56:55
12,2016-02-24 17:04:07
12,2016-02-24 02:36:23
11,2016-02-23 23:39:59
9,2016-02-23 19:44:20
12,2016-02-23 04:06:20
11,2016-02-23 02:12:47
11,2016-02-22 21:59:57
10,2016-02-22 02:57:08
9,2016-02-22 00:53:31
10,2016-02-21 23:13:01
12,2016-02-21 01:19:47
11,2016-02-20 03:51:05
12,2016-02-20 02:06:50
10,2016-02-20 01:00:55
7,2016-02-19 21:39:54
11,2016-02-19 18:24:26
10,2016-02-19 03:11:35
12,2016-02-19 02:20:14
6,2016-02-18 23:28:52
10,2016-02-18 03:58:39
11,2016-02-18 02:54:41
10,2016-02-18 02:24:13
6,2016-02-17 21:02:13
10,2016-02-17 18:49:22
9,2016-02-17 17:01:14
11,2016-02-17 03:45:29
12,2016-02-17 02:54:04
10,2016-02-17 02:17:19
11,2016-02-17 02:02:25
5,2016-02-16 20:28:06
12,2016-02-16 04:15:05
12,2016-02-16 03:25:58
10,2016-02-16 02:42:52
11,2016-02-16 02:04:04
11,2016-02-15 23:13:03
10,2016-02-15 20:04:36
3,2016-02-15 04:31:20
8,2016-02-15 03:55:41
12,2016-02-15 03:27:04
13,2016-02-15 01:05:02
13,2016-02-14 21:55:47
11,2016-02-14 19:35:46
10,2016-02-14 16:33:40
10,2016-02-14 03:29:49
7,2016-02-14 03:01:06
12,2016-02-13 22:29:29
9,2016-02-13 16:50:04
10,2016-02-13 03:59:01
11,2016-02-13 03:05:01
11,2016-02-12 21:49:15
9,2016-02-12 17:22:12
10,2016-02-12 16:16:41
11,2016-02-12 04:07:53
11,2016-02-12 03:47:39
10,2016-02-12 00:39:39
10,2016-02-11 20:34:41
11,2016-02-11 03:02:54
11,2016-02-11 01:42:02
8,2016-02-11 00:18:49
11,2016-02-10 18:11:03
44,2016-02-10 16:51:59
10,2016-02-10 04:06:43
8,2016-02-10 03:22:44
10,2016-02-10 03:05:46
10,2016-02-10 02:14:42
12,2016-02-09 03:35:31
9,2016-02-09 03:14:25
12,2016-02-09 02:40:05
9,2016-02-09 02:07:12
10,2016-02-08 17:58:03
9,2016-02-08 15:14:57
12,2016-02-08 00:20:23
7,2016-02-07 18:51:43
11,2016-02-06 03:50:33
13,2016-02-06 02:22:53
13,2016-02-06 00:35:13
8,2016-02-05 15:27:17
12,2016-02-05 03:18:42
10,2016-02-05 00:51:51
10,2016-02-04 18:35:39
12,2016-02-04 04:03:57
11,2016-02-04 02:40:08
4,2016-02-04 02:00:27
6,2016-02-04 01:07:39
10,2016-02-03 15:30:43
12,2016-02-02 23:52:22
10,2016-02-02 03:08:26
10,2016-02-02 02:53:12
9,2016-02-02 01:21:07
10,2016-02-01 17:11:59
9,2016-02-01 15:39:48
11,2016-02-01 03:38:15
10,2016-01-31 23:42:03
7,2016-01-31 04:11:58
9,2016-01-31 03:49:30
12,2016-01-31 03:00:47
10,2016-01-31 02:31:43
3,2016-01-31 00:25:18
11,2016-01-30 17:31:20
10,2016-01-30 03:52:58
11,2016-01-30 02:41:58
9,2016-01-30 00:38:37
12,2016-01-29 19:36:08
11,2016-01-29 16:30:45
10,2016-01-29 15:36:45
9,2016-01-29 03:56:12
10,2016-01-29 03:03:25
10,2016-01-29 02:46:29
10,2016-01-29 02:17:12
12,2016-01-28 21:54:41
13,2016-01-28 16:53:37
12,2016-01-28 04:44:32
10,2016-01-28 02:30:58
10,2016-01-28 02:12:04
7,2016-01-27 18:42:06
12,2016-01-27 03:26:56
10,2016-01-27 01:33:08
13,2016-01-27 00:31:15
9,2016-01-26 16:12:33
8,2016-01-26 03:09:55
10,2016-01-25 22:58:05
10,2016-01-25 17:35:00
5,2016-01-25 04:49:38
12,2016-01-25 03:16:56
12,2016-01-25 02:17:57
13,2016-01-25 00:26:41
11,2016-01-24 18:09:23
11,2016-01-24 03:14:07
12,2016-01-24 02:48:07
11,2016-01-23 18:09:53
10,2016-01-23 16:47:25
12,2016-01-23 16:22:17
13,2016-01-23 03:20:44
8,2016-01-23 02:53:03
10,2016-01-23 00:21:03
11,2016-01-22 21:39:24
11,2016-01-22 18:09:28
10,2016-01-22 05:07:29
11,2016-01-22 03:24:22
9,2016-01-22 02:28:52
11,2016-01-21 19:04:15
10,2016-01-21 04:03:58
12,2016-01-21 03:38:27
10,2016-01-21 02:56:40
10,2016-01-21 02:34:07
12,2016-01-21 01:07:23
11,2016-01-20 20:21:00
9,2016-01-20 18:30:32
11,2016-01-20 15:44:48
12,2016-01-20 04:13:20
8,2016-01-20 04:03:02
10,2016-01-20 01:41:08
11,2016-01-20 00:03:21
12,2016-01-19 21:18:22
12,2016-01-19 18:39:13
13,2016-01-19 03:32:10
9,2016-01-19 03:10:43
10,2016-01-19 02:59:01
10,2016-01-19 02:36:42
9,2016-01-18 18:36:07
10,2016-01-18 17:52:38
11,2016-01-18 02:49:58
8,2016-01-18 02:21:04
10,2016-01-18 01:38:15
7,2016-01-18 01:22:00
9,2016-01-17 21:01:41
12,2016-01-17 19:27:24
8,2016-01-17 18:27:32
9,2016-01-17 02:23:42
12,2016-01-17 00:32:18
12,2016-01-16 15:40:14
13,2016-01-16 04:11:31
10,2016-01-16 02:02:19
10,2016-01-15 21:52:49
11,2016-01-15 18:24:18
12,2016-01-15 02:41:12
12,2016-01-15 02:08:05
11,2016-01-15 01:25:33
9,2016-01-14 18:33:48
11,2016-01-14 15:57:26
7,2016-01-14 04:41:12
12,2016-01-14 03:45:57
11,2016-01-14 03:28:06
10,2016-01-14 02:25:31
11,2016-01-13 16:56:30
7,2016-01-13 16:36:55
9,2016-01-13 04:23:58
11,2016-01-13 04:10:18
11,2016-01-13 03:12:26
5,2016-01-13 02:43:46
11,2016-01-13 02:17:20
11,2016-01-12 16:25:26
8,2016-01-12 03:20:05
12,2016-01-12 02:06:41
11,2016-01-11 22:56:10
11,2016-01-11 18:39:05
10,2016-01-11 17:50:18
11,2016-01-11 03:17:53
10,2016-01-11 02:40:19
10,2016-01-11 01:25:58
11,2016-01-10 05:01:51
12,2016-01-10 03:57:12
11,2016-01-10 02:13:27
3,2016-01-10 01:54:44
11,2016-01-09 23:55:38
8,2016-01-09 21:58:42
9,2016-01-09 19:31:20
9,2016-01-09 03:40:16
12,2016-01-09 03:24:40
7,2016-01-09 01:59:19
14,2016-01-08 19:45:39
9,2016-01-08 18:43:29
10,2016-01-08 05:00:14
10,2016-01-08 04:46:13
11,2016-01-08 04:21:00
11,2016-01-08 03:50:03
10,2016-01-08 01:16:17
11,2016-01-07 20:39:06
11,2016-01-07 18:41:01
5,2016-01-07 04:48:36
12,2016-01-07 03:30:07
11,2016-01-07 02:38:10
12,2016-01-07 01:49:14
11,2016-01-07 00:59:40
5,2016-01-06 23:33:58
11,2016-01-06 18:14:31
10,2016-01-06 04:38:35
4,2016-01-06 02:49:55
12,2016-01-06 00:54:18
10,2016-01-05 21:06:19
10,2016-01-05 19:42:51
12,2016-01-05 05:14:53
143,2016-01-05 04:11:44
121,2016-01-05 04:00:18
6,2016-01-05 02:30:55
9,2016-01-05 02:09:54
10,2016-01-05 01:44:52
10,2016-01-05 01:00:50
11,2016-01-04 21:23:02
10,2016-01-04 19:43:10
10,2016-01-04 03:50:08
10,2016-01-04 03:28:54
5,2016-01-04 03:18:23
9,2016-01-04 02:18:42
12,2016-01-04 01:53:37
9,2016-01-03 22:14:26
11,2016-01-03 20:12:10
11,2016-01-03 04:01:13
11,2016-01-03 02:53:17
8,2016-01-03 01:39:57
10,2016-01-03 00:47:59
11,2016-01-02 20:58:09
10,2016-01-02 18:43:31
9,2016-01-02 04:27:31
10,2016-01-02 02:23:45
12,2016-01-02 01:33:43
9,2016-01-02 00:14:32
10,2016-01-01 21:00:32
7,2016-01-01 16:30:13
12,2016-01-01 05:00:24
9,2016-01-01 02:29:49
12,2015-12-31 22:57:47
11,2015-12-31 20:39:41
12,2015-12-31 19:05:54
8,2015-12-31 05:14:01
7,2015-12-31 03:43:31
11,2015-12-31 02:52:40
9,2015-12-31 02:33:29
9,2015-12-30 20:54:22
9,2015-12-30 17:58:40
11,2015-12-30 16:51:48
11,2015-12-30 04:44:28
10,2015-12-30 03:55:29
11,2015-12-30 02:54:35
5,2015-12-30 01:00:03
12,2015-12-29 23:32:35
10,2015-12-29 17:36:07
11,2015-12-29 04:31:49
7,2015-12-29 03:33:58
12,2015-12-29 01:52:46
12,2015-12-28 23:00:52
8,2015-12-28 20:57:50
12,2015-12-28 17:12:42
9,2015-12-28 05:02:37
11,2015-12-28 03:46:05
3,2015-12-28 02:35:15
12,2015-12-28 02:15:26
11,2015-12-28 01:12:59
9,2015-12-27 23:53:05
10,2015-12-27 22:37:04
11,2015-12-27 21:52:07
11,2015-12-27 19:22:30
9,2015-12-27 04:37:44
9,2015-12-27 03:51:18
4,2015-12-27 02:36:20
10,2015-12-27 02:15:25
11,2015-12-27 00:49:49
9,2015-12-26 23:15:17
12,2015-12-26 19:43:36
10,2015-12-26 17:25:59
6,2015-12-26 17:12:55
9,2015-12-26 04:41:15
8,2015-12-26 03:00:19
12,2015-12-25 21:18:05
26,2015-12-25 21:06:00
10,2015-12-25 19:39:43
11,2015-12-25 17:30:01
10,2015-12-25 03:00:14
12,2015-12-25 02:01:30
11,2015-12-25 01:00:07
10,2015-12-25 00:00:11
12,2015-12-24 23:00:17
10,2015-12-24 22:00:10
10,2015-12-24 21:00:12
9,2015-12-24 20:00:22
11,2015-12-24 19:00:23
12,2015-12-24 18:00:19
9,2015-12-24 17:00:27
10,2015-12-24 16:00:30
5,2015-12-24 04:11:37
11,2015-12-24 03:12:15
7,2015-12-24 02:42:51
10,2015-12-24 02:02:12
13,2015-12-24 00:58:27
10,2015-12-23 21:37:40
9,2015-12-23 18:51:56
8,2015-12-23 18:25:38
8,2015-12-23 17:55:32
7,2015-12-23 05:13:38
11,2015-12-23 05:03:47
7,2015-12-23 03:58:25
8,2015-12-23 03:26:43
9,2015-12-23 01:37:45
11,2015-12-23 00:45:35
11,2015-12-22 04:35:49
8,2015-12-22 03:57:37
10,2015-12-22 02:52:45
12,2015-12-22 01:28:25
11,2015-12-21 22:15:18
9,2015-12-21 21:15:11
12,2015-12-21 17:33:48
11,2015-12-21 16:04:13
12,2015-12-21 04:52:53
7,2015-12-21 04:44:55
11,2015-12-21 03:12:08
8,2015-12-21 02:41:11
10,2015-12-21 02:30:45
10,2015-12-21 01:53:54
6,2015-12-21 00:53:29
2,2015-12-20 20:38:24
10,2015-12-20 18:29:43
10,2015-12-20 05:25:42
2,2015-12-20 03:58:55
10,2015-12-20 03:02:53
12,2015-12-20 02:20:55
12,2015-12-20 02:09:34
11,2015-12-20 01:38:42
10,2015-12-20 01:03:46
12,2015-12-19 22:28:09
10,2015-12-19 22:02:01
10,2015-12-19 18:19:51
9,2015-12-19 16:47:58
12,2015-12-19 01:16:45
10,2015-12-18 18:29:07
9,2015-12-18 16:56:01
144,2015-12-18 05:06:23
10,2015-12-18 04:00:46
9,2015-12-18 03:54:25
11,2015-12-18 03:11:30
9,2015-12-18 02:17:22
12,2015-12-18 01:31:14
11,2015-12-18 00:18:36
10,2015-12-17 19:39:03
6,2015-12-17 19:07:09
10,2015-12-17 18:34:46
12,2015-12-17 17:56:29
9,2015-12-17 16:45:31
9,2015-12-17 03:48:51
9,2015-12-17 03:36:28
10,2015-12-17 03:26:04
10,2015-12-17 02:30:09
5,2015-12-17 01:35:24
10,2015-12-16 23:29:14
11,2015-12-16 20:48:40
9,2015-12-16 18:03:28
11,2015-12-16 04:01:59
10,2015-12-16 02:51:45
8,2015-12-16 02:19:04
6,2015-12-16 02:13:31
12,2015-12-16 02:08:04
9,2015-12-16 01:50:26
8,2015-12-16 01:27:03
5,2015-12-15 22:52:02
10,2015-12-15 20:40:47
11,2015-12-15 17:51:44
12,2015-12-15 17:42:34
9,2015-12-15 17:11:09
10,2015-12-15 14:50:49
13,2015-12-15 04:19:18
12,2015-12-15 04:05:01
12,2015-12-15 03:36:42
9,2015-12-15 03:23:14
5,2015-12-15 02:23:26
8,2015-12-15 02:02:01
8,2015-12-15 01:32:24
12,2015-12-14 22:46:41
9,2015-12-14 20:17:59
11,2015-12-14 18:35:43
11,2015-12-14 16:34:00
10,2015-12-14 15:57:56
10,2015-12-14 04:52:55
8,2015-12-14 03:08:46
10,2015-12-14 01:58:31
9,2015-12-14 01:43:35
10,2015-12-14 00:07:50
10,2015-12-13 21:07:04
11,2015-12-13 18:10:33
3,2015-12-13 17:57:57
9,2015-12-13 17:21:08
10,2015-12-13 04:40:46
6,2015-12-13 04:14:39
10,2015-12-13 04:02:03
11,2015-12-13 03:21:34
11,2015-12-13 02:51:51
88,2015-12-13 01:41:41
10,2015-12-13 01:12:15
10,2015-12-12 23:41:18
11,2015-12-12 23:34:00
10,2015-12-12 22:04:39
11,2015-12-12 20:57:34
12,2015-12-12 18:13:51
12,2015-12-12 16:16:45
11,2015-12-12 16:02:36
10,2015-12-12 15:59:51
11,2015-12-12 04:35:48
10,2015-12-12 04:23:49
10,2015-12-12 03:47:46
12,2015-12-12 03:29:35
13,2015-12-12 02:23:01
11,2015-12-12 02:07:14
5,2015-12-12 01:12:54
12,2015-12-11 21:51:30
13,2015-12-11 17:51:04
12,2015-12-11 17:12:48
13,2015-12-11 16:40:19
13,2015-12-11 16:20:15
12,2015-12-11 15:19:21
10,2015-12-11 04:14:49
1,2015-12-11 03:21:23
12,2015-12-11 03:05:37
10,2015-12-11 02:56:28
7,2015-12-11 02:54:12
9,2015-12-11 02:49:59
5,2015-12-11 02:08:58
10,2015-12-11 00:44:07
8,2015-12-11 00:35:44
9,2015-12-11 00:26:12
11,2015-12-10 20:19:52
10,2015-12-10 18:12:05
10,2015-12-10 17:37:00
12,2015-12-10 17:24:21
13,2015-12-10 17:11:09
10,2015-12-10 04:18:42
11,2015-12-10 03:59:15
13,2015-12-10 03:30:58
13,2015-12-10 03:19:24
9,2015-12-10 03:11:43
8,2015-12-10 02:44:43
11,2015-12-10 02:15:47
12,2015-12-10 01:49:36
10,2015-12-10 01:37:23
12,2015-12-10 00:54:28
12,2015-12-10 00:47:23
10,2015-12-10 00:10:43
11,2015-12-09 23:58:35
10,2015-12-09 23:47:22
3,2015-12-09 20:40:38
9,2015-12-09 19:22:56
10,2015-12-09 18:59:46
5,2015-12-09 17:46:48
11,2015-12-09 17:38:19
12,2015-12-09 17:15:54
5,2015-12-09 16:52:27
13,2015-12-09 06:01:26
10,2015-12-09 04:36:06
9,2015-12-09 03:54:22
12,2015-12-09 02:56:22
10,2015-12-09 02:34:18
10,2015-12-09 02:09:56
8,2015-12-09 01:07:00
10,2015-12-08 23:36:44
8,2015-12-08 20:01:55
11,2015-12-08 18:17:56
10,2015-12-08 16:56:51
8,2015-12-08 16:47:50
2,2015-12-08 16:33:36
9,2015-12-08 16:21:41
10,2015-12-08 15:52:13
11,2015-12-08 04:27:30
11,2015-12-08 03:57:26
5,2015-12-08 03:09:46
10,2015-12-08 02:29:37
10,2015-12-08 02:23:09
3,2015-12-08 01:57:39
12,2015-12-08 01:47:22
12,2015-12-08 01:30:12
9,2015-12-08 01:21:40
10,2015-12-08 00:37:11
10,2015-12-08 00:15:09
11,2015-12-07 23:55:26
10,2015-12-07 23:33:58
10,2015-12-07 20:07:04
11,2015-12-07 17:38:09
3,2015-12-07 16:46:21
10,2015-12-07 15:32:42
4,2015-12-07 04:09:13
10,2015-12-07 03:51:47
12,2015-12-07 03:45:53
12,2015-12-07 03:40:24
10,2015-12-07 03:34:14
8,2015-12-07 03:28:45
3,2015-12-07 03:07:12
8,2015-12-07 02:58:09
11,2015-12-07 02:25:23
9,2015-12-07 02:21:29
11,2015-12-07 02:13:55
13,2015-12-07 01:47:30
12,2015-12-07 00:37:52
10,2015-12-07 00:12:23
10,2015-12-06 22:54:44
7,2015-12-06 21:19:54
11,2015-12-06 19:21:47
8,2015-12-06 19:13:01
7,2015-12-06 18:56:46
11,2015-12-06 04:49:31
8,2015-12-06 04:34:25
11,2015-12-06 04:18:46
12,2015-12-06 04:03:51
9,2015-12-06 03:56:12
7,2015-12-06 03:38:05
11,2015-12-06 03:28:27
10,2015-12-06 03:24:51
11,2015-12-06 01:56:44
10,2015-12-06 01:48:12
8,2015-12-06 00:17:55
11,2015-12-05 22:41:22
6,2015-12-05 20:41:29
10,2015-12-05 18:51:11
8,2015-12-05 14:35:56
12,2015-12-05 04:36:04
8,2015-12-05 04:25:50
10,2015-12-05 04:00:04
9,2015-12-05 03:41:37
5,2015-12-05 03:28:25
10,2015-12-05 03:05:49
7,2015-12-05 02:46:02
11,2015-12-05 02:37:35
10,2015-12-05 02:23:49
9,2015-12-04 22:17:55
11,2015-12-04 22:00:08
6,2015-12-04 21:05:23
8,2015-12-04 20:38:19
10,2015-12-04 17:46:12
9,2015-12-04 17:23:04
9,2015-12-04 04:56:09
12,2015-12-04 03:43:54
6,2015-12-04 03:13:46
9,2015-12-04 02:51:33
11,2015-12-04 02:31:10
9,2015-12-04 01:55:13
10,2015-12-04 01:42:26
8,2015-12-04 01:40:29
7,2015-12-03 22:09:14
10,2015-12-03 21:11:09
10,2015-12-03 18:52:12
10,2015-12-03 18:29:09
12,2015-12-03 18:23:34
8,2015-12-03 17:58:48
12,2015-12-03 17:23:00
11,2015-12-03 04:33:27
10,2015-12-03 04:14:13
10,2015-12-03 04:01:02
8,2015-12-03 03:30:19
11,2015-12-03 03:21:00
10,2015-12-03 02:56:30
12,2015-12-03 02:45:32
7,2015-12-03 02:21:48
5,2015-12-03 01:49:05
9,2015-12-03 01:16:17
9,2015-12-03 00:07:09
10,2015-12-02 21:45:16
8,2015-12-02 21:06:56
12,2015-12-02 19:44:43
11,2015-12-02 18:48:47
9,2015-12-02 16:49:14
11,2015-12-02 15:57:30
7,2015-12-02 15:01:33
10,2015-12-02 03:40:57
11,2015-12-02 03:20:45
11,2015-12-02 02:42:26
5,2015-12-02 02:30:43
10,2015-12-02 02:13:48
10,2015-12-02 01:39:53
8,2015-12-02 00:58:41
13,2015-12-01 20:35:22
10,2015-12-01 19:10:13
9,2015-12-01 18:50:38
6,2015-12-01 17:37:36
11,2015-12-01 17:30:22
11,2015-12-01 17:00:19
13,2015-12-01 16:37:44
13,2015-12-01 05:26:34
10,2015-12-01 04:33:59
6,2015-12-01 04:22:29
10,2015-12-01 04:14:59
8,2015-12-01 03:56:22
9,2015-12-01 03:49:23
6,2015-12-01 03:39:03
10,2015-12-01 03:18:27
10,2015-12-01 02:46:33
9,2015-12-01 02:38:04
8,2015-12-01 02:09:16
11,2015-12-01 01:42:28
11,2015-12-01 01:14:35
8,2015-12-01 00:38:31
10,2015-12-01 00:30:04
11,2015-12-01 00:24:48
7,2015-11-30 18:07:47
11,2015-11-30 16:18:11
9,2015-11-30 15:59:17
10,2015-11-30 15:51:24
9,2015-11-30 15:18:34
10,2015-11-30 04:37:05
12,2015-11-30 04:22:44
10,2015-11-30 03:18:59
8,2015-11-30 03:06:07
5,2015-11-30 02:52:03
11,2015-11-30 02:31:34
12,2015-11-30 02:18:39
9,2015-11-30 02:01:49
9,2015-11-30 01:39:49
10,2015-11-30 01:28:28
8,2015-11-30 01:10:04
4,2015-11-30 00:22:57
6,2015-11-29 23:57:10
8,2015-11-29 23:30:32
12,2015-11-29 16:01:20
420,2015-11-29 05:52:33
10,2015-11-29 05:43:44
4,2015-11-29 05:34:25
7,2015-11-29 05:16:59
10,2015-11-29 05:11:35
2,2015-11-29 04:47:03
12,2015-11-29 04:37:03
10,2015-11-29 04:32:51
10,2015-11-29 04:04:12
10,2015-11-29 03:50:10
11,2015-11-29 03:33:17
10,2015-11-29 03:20:54
10,2015-11-29 03:16:46
11,2015-11-29 02:51:54
7,2015-11-29 02:33:32
9,2015-11-29 02:20:29
8,2015-11-29 02:07:44
1,2015-11-29 01:56:48
5,2015-11-29 01:52:48
7,2015-11-29 01:45:22
10,2015-11-29 01:35:26
10,2015-11-29 00:39:59
9,2015-11-29 00:06:39
8,2015-11-28 22:38:01
10,2015-11-28 22:15:21
12,2015-11-28 21:34:09
6,2015-11-28 20:43:53
8,2015-11-28 19:51:59
8,2015-11-28 19:04:19
8,2015-11-28 18:50:15
10,2015-11-28 18:19:37
10,2015-11-28 05:28:09
10,2015-11-28 05:05:47
7,2015-11-28 04:54:34
11,2015-11-28 04:03:11
5,2015-11-28 03:49:14
10,2015-11-28 03:31:48
11,2015-11-28 03:21:24
10,2015-11-28 02:55:30
11,2015-11-28 02:48:46
10,2015-11-28 02:45:17
11,2015-11-28 02:25:32
9,2015-11-28 02:20:27
12,2015-11-28 02:00:17
10,2015-11-28 01:54:54
6,2015-11-28 01:42:22
12,2015-11-28 01:18:21
10,2015-11-28 01:08:55
10,2015-11-28 00:48:35
8,2015-11-27 23:36:23
12,2015-11-27 22:51:19
9,2015-11-27 22:01:40
10,2015-11-27 20:30:30
11,2015-11-27 19:11:49
9,2015-11-27 18:09:09
11,2015-11-27 17:17:44
9,2015-11-27 04:16:59
10,2015-11-27 03:47:25
10,2015-11-27 03:20:20
10,2015-11-27 02:55:47
5,2015-11-27 02:38:14
11,2015-11-27 02:08:07
3,2015-11-27 01:42:24
11,2015-11-27 01:10:17
10,2015-11-27 00:43:49
5,2015-11-27 00:31:29
10,2015-11-26 22:16:09
9,2015-11-26 21:36:12
10,2015-11-26 20:12:29
10,2015-11-26 20:04:40
11,2015-11-26 18:16:16
12,2015-11-26 17:11:11
10,2015-11-26 16:59:01
10,2015-11-26 05:42:55
8,2015-11-26 05:28:02
10,2015-11-26 01:07:38
9,2015-11-26 01:00:28
8,2015-11-26 00:52:45
5,2015-11-25 23:39:47
12,2015-11-25 21:17:12
10,2015-11-25 19:46:30
10,2015-11-25 19:25:57
6,2015-11-25 18:29:39
10,2015-11-25 17:49:14
7,2015-11-25 17:40:53
9,2015-11-25 17:25:28
10,2015-11-25 17:13:02
10,2015-11-25 05:52:43
6,2015-11-25 04:43:02
10,2015-11-25 04:26:12
10,2015-11-25 04:11:57
10,2015-11-25 03:56:01
11,2015-11-25 03:39:17
8,2015-11-25 03:18:15
10,2015-11-25 03:14:30
10,2015-11-25 03:06:32
12,2015-11-25 01:35:25
13,2015-11-25 01:30:16
11,2015-11-25 01:20:08
8,2015-11-24 18:11:04
10,2015-11-24 18:01:05
9,2015-11-24 17:19:36
10,2015-11-24 06:17:19
10,2015-11-24 04:52:37
12,2015-11-24 04:17:01
11,2015-11-24 03:51:38
5,2015-11-24 03:29:51
8,2015-11-24 03:19:43
3,2015-11-24 03:08:48
7,2015-11-24 03:03:06
9,2015-11-24 02:54:30
4,2015-11-24 02:38:07
12,2015-11-24 02:29:49
11,2015-11-24 02:13:25
10,2015-11-24 01:11:27
10,2015-11-24 00:54:05
9,2015-11-23 23:23:31
11,2015-11-23 21:24:36
11,2015-11-23 20:42:48
11,2015-11-23 19:24:02
11,2015-11-23 18:02:38
10,2015-11-23 16:18:59
7,2015-11-23 15:35:39
10,2015-11-23 13:13:28
11,2015-11-23 04:59:42
11,2015-11-23 04:21:26
3,2015-11-23 04:13:37
10,2015-11-23 04:03:57
10,2015-11-23 03:46:18
10,2015-11-23 03:33:22
5,2015-11-23 03:25:17
9,2015-11-23 03:09:00
10,2015-11-23 03:02:14
10,2015-11-23 02:52:48
10,2015-11-23 02:41:01
7,2015-11-23 02:19:29
11,2015-11-22 23:12:44
10,2015-11-22 21:41:02
10,2015-11-22 21:31:28
8,2015-11-22 21:13:35
12,2015-11-22 20:37:34
10,2015-11-22 19:13:05
8,2015-11-22 18:31:19
9,2015-11-22 17:40:27
11,2015-11-22 17:23:57
4,2015-11-22 16:31:42
9,2015-11-22 05:17:54
10,2015-11-22 04:56:43
11,2015-11-22 04:33:59
10,2015-11-22 03:46:11
10,2015-11-22 03:24:58
13,2015-11-22 02:34:57
8,2015-11-22 02:03:45
10,2015-11-22 01:20:44
10,2015-11-22 00:34:50
10,2015-11-22 00:15:33
8,2015-11-21 23:10:52
12,2015-11-21 22:14:07
7,2015-11-21 20:59:20
9,2015-11-21 19:50:53
2,2015-11-21 19:02:04
6,2015-11-21 17:05:31
3,2015-11-21 05:26:27
9,2015-11-21 04:37:59
10,2015-11-21 04:00:28
5,2015-11-21 03:44:27
9,2015-11-21 03:08:47
11,2015-11-21 02:07:05
10,2015-11-21 01:59:37
2,2015-11-21 01:34:35
10,2015-11-21 01:15:07
10,2015-11-21 00:46:50
9,2015-11-21 00:25:26
12,2015-11-20 22:30:44
10,2015-11-20 20:47:20
12,2015-11-20 20:25:43
8,2015-11-20 19:55:30
9,2015-11-20 19:12:01
8,2015-11-20 18:35:10
9,2015-11-20 18:09:16
11,2015-11-20 15:36:22
7,2015-11-20 15:20:54
1,2015-11-20 03:44:31
9,2015-11-20 03:35:20
10,2015-11-20 03:25:43
9,2015-11-20 03:04:08
8,2015-11-20 02:47:56
10,2015-11-20 02:32:25
12,2015-11-20 02:08:22
8,2015-11-20 01:39:42
12,2015-11-20 01:06:48
11,2015-11-20 00:40:05
9,2015-11-20 00:12:54
7,2015-11-19 23:53:52
11,2015-11-19 22:32:36
7,2015-11-19 21:32:34
11,2015-11-19 21:22:56
6,2015-11-19 20:44:47
10,2015-11-19 20:20:22
12,2015-11-19 20:14:03
7,2015-11-19 18:13:27
8,2015-11-19 17:26:08
10,2015-11-19 15:49:57
9,2015-11-19 05:24:37
11,2015-11-19 04:39:35
12,2015-11-19 04:05:59
10,2015-11-19 03:52:34
10,2015-11-19 03:29:07
8,2015-11-19 03:10:02
4,2015-11-19 03:02:47
9,2015-11-19 02:58:01
10,2015-11-19 02:43:18
10,2015-11-19 02:20:46
11,2015-11-19 01:59:39
12,2015-11-19 01:27:25
10,2015-11-19 00:32:12
10,2015-11-18 23:18:48
7,2015-11-18 21:23:57
10,2015-11-18 20:15:26
8,2015-11-18 19:43:11
10,2015-11-18 19:29:52
12,2015-11-18 18:17:59
9,2015-11-18 16:12:51
10,2015-11-18 15:07:24
11,2015-11-18 14:18:59
3,2015-11-18 04:35:11
10,2015-11-18 04:27:09
12,2015-11-18 03:54:28
9,2015-11-18 03:18:55
8,2015-11-18 02:25:23
2,2015-11-18 01:12:41
10,2015-11-18 00:55:42
5,2015-11-18 00:36:17
10,2015-11-17 22:06:57
8,2015-11-17 19:35:19
8,2015-11-17 18:56:35
4,2015-11-17 16:09:56
9,2015-11-17 15:51:26
10,2015-11-17 03:16:00
9,2015-11-17 02:46:43
7,2015-11-17 02:06:42
10,2015-11-17 02:00:15
6,2015-11-17 01:40:41
7,2015-11-17 01:30:57
12,2015-11-17 01:02:40
10,2015-11-17 00:53:15
2,2015-11-17 00:24:19
7,2015-11-17 00:06:54
9,2015-11-16 23:23:41
11,2015-11-16 21:54:18
6,2015-11-16 21:10:36
8,2015-11-16 20:32:58
10,2015-11-16 20:01:42
9,2015-11-16 19:31:45
3,2015-11-16 16:37:02
1,2015-11-16 16:11:11
11,2015-11-16 15:14:19
10,2015-11-16 14:57:41
1,2015-11-16 04:02:55
11,2015-11-16 03:55:04
8,2015-11-16 03:44:34
9,2015-11-16 03:22:39
6,2015-11-16 02:38:37
10,2015-11-16 01:59:36
9,2015-11-16 01:52:02
10,2015-11-16 01:22:45
8,2015-11-16 01:01:59
9,2015-11-16 00:55:59
10,2015-11-16 00:49:46
2,2015-11-16 00:35:11
10,2015-11-16 00:30:50
5,2015-11-16 00:24:50
6,2015-11-16 00:04:52
9,2015-11-15 23:21:54
7,2015-11-15 23:05:30
8,2015-11-15 22:32:08
